name,title,level,facing,categories,description,detail,remediation,metadata,cache_key
function_search_path_mutable,Function Search Path Mutable,WARN,EXTERNAL,"[""SECURITY""]",Detects functions where the search_path parameter is not set.,Function \`public.set_team_id_on_insert\` has a role mutable search_path,https://supabase.com/docs/guides/database/database-linter?lint=0011_function_search_path_mutable,"{""name"":""set_team_id_on_insert"",""type"":""function"",""schema"":""public""}",function_search_path_mutable_public_set_team_id_on_insert_e42a3c10a1be36ffccb9ad1f119a177c
function_search_path_mutable,Function Search Path Mutable,WARN,EXTERNAL,"[""SECURITY""]",Detects functions where the search_path parameter is not set.,Function \`public.intern_get_user_role\` has a role mutable search_path,https://supabase.com/docs/guides/database/database-linter?lint=0011_function_search_path_mutable,"{""name"":""intern_get_user_role"",""type"":""function"",""schema"":""public""}",function_search_path_mutable_public_intern_get_user_role_9e5f60aa20b896c33ef675a153763c47
function_search_path_mutable,Function Search Path Mutable,WARN,EXTERNAL,"[""SECURITY""]",Detects functions where the search_path parameter is not set.,Function \`public.task_requests_set_updated_at\` has a role mutable search_path,https://supabase.com/docs/guides/database/database-linter?lint=0011_function_search_path_mutable,"{""name"":""task_requests_set_updated_at"",""type"":""function"",""schema"":""public""}",function_search_path_mutable_public_task_requests_set_updated_at_c28bbd99ced3dfcd7ff6c2a1298a90e1
function_search_path_mutable,Function Search Path Mutable,WARN,EXTERNAL,"[""SECURITY""]",Detects functions where the search_path parameter is not set.,Function \`public.intern_generate_checklist\` has a role mutable search_path,https://supabase.com/docs/guides/database/database-linter?lint=0011_function_search_path_mutable,"{""name"":""intern_generate_checklist"",""type"":""function"",""schema"":""public""}",function_search_path_mutable_public_intern_generate_checklist_7ac8e1b25eeadf433ca2b197567ff8f0
function_search_path_mutable,Function Search Path Mutable,WARN,EXTERNAL,"[""SECURITY""]",Detects functions where the search_path parameter is not set.,Function \`public.publish_daily_checklist\` has a role mutable search_path,https://supabase.com/docs/guides/database/database-linter?lint=0011_function_search_path_mutable,"{""name"":""publish_daily_checklist"",""type"":""function"",""schema"":""public""}",function_search_path_mutable_public_publish_daily_checklist_df61513e83d23180e66e16a64c14702e
function_search_path_mutable,Function Search Path Mutable,WARN,EXTERNAL,"[""SECURITY""]",Detects functions where the search_path parameter is not set.,Function \`public.approve_task_edit_request\` has a role mutable search_path,https://supabase.com/docs/guides/database/database-linter?lint=0011_function_search_path_mutable,"{""name"":""approve_task_edit_request"",""type"":""function"",""schema"":""public""}",function_search_path_mutable_public_approve_task_edit_request_7057fdf45a4c078882084deaff9c73a6
authenticated_security_definer_function_executable,Signed-In Users Can Execute SECURITY DEFINER Function,WARN,EXTERNAL,"[""SECURITY""]","Detects `SECURITY DEFINER` functions that are callable by signed-in users. Revoke `EXECUTE`, switch the function to `SECURITY INVOKER`, or move it out of your exposed API schema if signed-in users should not call it.","Function `public.add_task_template_item(p_template_id uuid, p_title text, p_description text, p_category text, p_sort_order integer, p_is_required boolean, p_default_due_offset_days integer)` can be executed by the `authenticated` role as a `SECURITY DEFINER` function via `/rest/v1/rpc/add_task_template_item`. Revoke `EXECUTE` or switch it to `SECURITY INVOKER` if that is not intentional.",https://supabase.com/docs/guides/database/database-linter?lint=0029_authenticated_security_definer_function_executable,"{""name"":""add_task_template_item"",""schema"":""public"",""language"":""plpgsql"",""arguments"":""p_template_id uuid, p_title text, p_description text, p_category text, p_sort_order integer, p_is_required boolean, p_default_due_offset_days integer"",""security_definer"":true}","authenticated_security_definer_function_executable_public_add_task_template_item_p_template_id uuid, p_title text, p_description text, p_category text, p_sort_order integer, p_is_required boolean, p_default_due_offset_days integer"
authenticated_security_definer_function_executable,Signed-In Users Can Execute SECURITY DEFINER Function,WARN,EXTERNAL,"[""SECURITY""]","Detects `SECURITY DEFINER` functions that are callable by signed-in users. Revoke `EXECUTE`, switch the function to `SECURITY INVOKER`, or move it out of your exposed API schema if signed-in users should not call it.",Function `public.admin_currently_clocked_in()` can be executed by the `authenticated` role as a `SECURITY DEFINER` function via `/rest/v1/rpc/admin_currently_clocked_in`. Revoke `EXECUTE` or switch it to `SECURITY INVOKER` if that is not intentional.,https://supabase.com/docs/guides/database/database-linter?lint=0029_authenticated_security_definer_function_executable,"{""name"":""admin_currently_clocked_in"",""schema"":""public"",""language"":""plpgsql"",""arguments"":"""",""security_definer"":true}",authenticated_security_definer_function_executable_public_admin_currently_clocked_in_
authenticated_security_definer_function_executable,Signed-In Users Can Execute SECURITY DEFINER Function,WARN,EXTERNAL,"[""SECURITY""]","Detects `SECURITY DEFINER` functions that are callable by signed-in users. Revoke `EXECUTE`, switch the function to `SECURITY INVOKER`, or move it out of your exposed API schema if signed-in users should not call it.","Function `public.admin_delete_session(p_session_id uuid, p_cancel_note text)` can be executed by the `authenticated` role as a `SECURITY DEFINER` function via `/rest/v1/rpc/admin_delete_session`. Revoke `EXECUTE` or switch it to `SECURITY INVOKER` if that is not intentional.",https://supabase.com/docs/guides/database/database-linter?lint=0029_authenticated_security_definer_function_executable,"{""name"":""admin_delete_session"",""schema"":""public"",""language"":""plpgsql"",""arguments"":""p_session_id uuid, p_cancel_note text"",""security_definer"":true}","authenticated_security_definer_function_executable_public_admin_delete_session_p_session_id uuid, p_cancel_note text"
authenticated_security_definer_function_executable,Signed-In Users Can Execute SECURITY DEFINER Function,WARN,EXTERNAL,"[""SECURITY""]","Detects `SECURITY DEFINER` functions that are callable by signed-in users. Revoke `EXECUTE`, switch the function to `SECURITY INVOKER`, or move it out of your exposed API schema if signed-in users should not call it.",Function `public.admin_list_all_assigned_tasks(p_include_completed boolean)` can be executed by the `authenticated` role as a `SECURITY DEFINER` function via `/rest/v1/rpc/admin_list_all_assigned_tasks`. Revoke `EXECUTE` or switch it to `SECURITY INVOKER` if that is not intentional.,https://supabase.com/docs/guides/database/database-linter?lint=0029_authenticated_security_definer_function_executable,"{""name"":""admin_list_all_assigned_tasks"",""schema"":""public"",""language"":""plpgsql"",""arguments"":""p_include_completed boolean"",""security_definer"":true}",authenticated_security_definer_function_executable_public_admin_list_all_assigned_tasks_p_include_completed boolean
authenticated_security_definer_function_executable,Signed-In Users Can Execute SECURITY DEFINER Function,WARN,EXTERNAL,"[""SECURITY""]","Detects `SECURITY DEFINER` functions that are callable by signed-in users. Revoke `EXECUTE`, switch the function to `SECURITY INVOKER`, or move it out of your exposed API schema if signed-in users should not call it.",Function `public.admin_list_all_sessions(p_include_past boolean)` can be executed by the `authenticated` role as a `SECURITY DEFINER` function via `/rest/v1/rpc/admin_list_all_sessions`. Revoke `EXECUTE` or switch it to `SECURITY INVOKER` if that is not intentional.,https://supabase.com/docs/guides/database/database-linter?lint=0029_authenticated_security_definer_function_executable,"{""name"":""admin_list_all_sessions"",""schema"":""public"",""language"":""plpgsql"",""arguments"":""p_include_past boolean"",""security_definer"":true}",authenticated_security_definer_function_executable_public_admin_list_all_sessions_p_include_past boolean
authenticated_security_definer_function_executable,Signed-In Users Can Execute SECURITY DEFINER Function,WARN,EXTERNAL,"[""SECURITY""]","Detects `SECURITY DEFINER` functions that are callable by signed-in users. Revoke `EXECUTE`, switch the function to `SECURITY INVOKER`, or move it out of your exposed API schema if signed-in users should not call it.","Function `public.admin_list_clock_entries(p_member_id uuid, p_limit integer)` can be executed by the `authenticated` role as a `SECURITY DEFINER` function via `/rest/v1/rpc/admin_list_clock_entries`. Revoke `EXECUTE` or switch it to `SECURITY INVOKER` if that is not intentional.",https://supabase.com/docs/guides/database/database-linter?lint=0029_authenticated_security_definer_function_executable,"{""name"":""admin_list_clock_entries"",""schema"":""public"",""language"":""plpgsql"",""arguments"":""p_member_id uuid, p_limit integer"",""security_definer"":true}","authenticated_security_definer_function_executable_public_admin_list_clock_entries_p_member_id uuid, p_limit integer"
authenticated_security_definer_function_executable,Signed-In Users Can Execute SECURITY DEFINER Function,WARN,EXTERNAL,"[""SECURITY""]","Detects `SECURITY DEFINER` functions that are callable by signed-in users. Revoke `EXECUTE`, switch the function to `SECURITY INVOKER`, or move it out of your exposed API schema if signed-in users should not call it.",Function `public.admin_recent_approvals(p_limit integer)` can be executed by the `authenticated` role as a `SECURITY DEFINER` function via `/rest/v1/rpc/admin_recent_approvals`. Revoke `EXECUTE` or switch it to `SECURITY INVOKER` if that is not intentional.,https://supabase.com/docs/guides/database/database-linter?lint=0029_authenticated_security_definer_function_executable,"{""name"":""admin_recent_approvals"",""schema"":""public"",""language"":""plpgsql"",""arguments"":""p_limit integer"",""security_definer"":true}",authenticated_security_definer_function_executable_public_admin_recent_approvals_p_limit integer
authenticated_security_definer_function_executable,Signed-In Users Can Execute SECURITY DEFINER Function,WARN,EXTERNAL,"[""SECURITY""]","Detects `SECURITY DEFINER` functions that are callable by signed-in users. Revoke `EXECUTE`, switch the function to `SECURITY INVOKER`, or move it out of your exposed API schema if signed-in users should not call it.",Function `public.admin_recent_assignments(p_limit integer)` can be executed by the `authenticated` role as a `SECURITY DEFINER` function via `/rest/v1/rpc/admin_recent_assignments`. Revoke `EXECUTE` or switch it to `SECURITY INVOKER` if that is not intentional.,https://supabase.com/docs/guides/database/database-linter?lint=0029_authenticated_security_definer_function_executable,"{""name"":""admin_recent_assignments"",""schema"":""public"",""language"":""plpgsql"",""arguments"":""p_limit integer"",""security_definer"":true}",authenticated_security_definer_function_executable_public_admin_recent_assignments_p_limit integer
authenticated_security_definer_function_executable,Signed-In Users Can Execute SECURITY DEFINER Function,WARN,EXTERNAL,"[""SECURITY""]","Detects `SECURITY DEFINER` functions that are callable by signed-in users. Revoke `EXECUTE`, switch the function to `SECURITY INVOKER`, or move it out of your exposed API schema if signed-in users should not call it.","Function `public.admin_update_assigned_task(p_task_id uuid, p_title text, p_description text, p_category text, p_due_date date, p_clear_due boolean, p_clear_description boolean, p_clear_category boolean)` can be executed by the `authenticated` role as a `SECURITY DEFINER` function via `/rest/v1/rpc/admin_update_assigned_task`. Revoke `EXECUTE` or switch it to `SECURITY INVOKER` if that is not intentional.",https://supabase.com/docs/guides/database/database-linter?lint=0029_authenticated_security_definer_function_executable,"{""name"":""admin_update_assigned_task"",""schema"":""public"",""language"":""plpgsql"",""arguments"":""p_task_id uuid, p_title text, p_description text, p_category text, p_due_date date, p_clear_due boolean, p_clear_description boolean, p_clear_category boolean"",""security_definer"":true}","authenticated_security_definer_function_executable_public_admin_update_assigned_task_p_task_id uuid, p_title text, p_description text, p_category text, p_due_date date, p_clear_due boolean, p_clear_description boolean, p_clear_category boolean"
authenticated_security_definer_function_executable,Signed-In Users Can Execute SECURITY DEFINER Function,WARN,EXTERNAL,"[""SECURITY""]","Detects `SECURITY DEFINER` functions that are callable by signed-in users. Revoke `EXECUTE`, switch the function to `SECURITY INVOKER`, or move it out of your exposed API schema if signed-in users should not call it.","Function `public.admin_update_session(p_session_id uuid, p_client_name text, p_session_date date, p_start_time time without time zone, p_end_time time without time zone, p_session_type text, p_status text, p_room text, p_notes text, p_assigned_to uuid, p_clear_client_name boolean, p_clear_room boolean, p_clear_notes boolean, p_clear_assigned_to boolean)` can be executed by the `authenticated` role as a `SECURITY DEFINER` function via `/rest/v1/rpc/admin_update_session`. Revoke `EXECUTE` or switch it to `SECURITY INVOKER` if that is not intentional.",https://supabase.com/docs/guides/database/database-linter?lint=0029_authenticated_security_definer_function_executable,"{""name"":""admin_update_session"",""schema"":""public"",""language"":""plpgsql"",""arguments"":""p_session_id uuid, p_client_name text, p_session_date date, p_start_time time without time zone, p_end_time time without time zone, p_session_type text, p_status text, p_room text, p_notes text, p_assigned_to uuid, p_clear_client_name boolean, p_clear_room boolean, p_clear_notes boolean, p_clear_assigned_to boolean"",""security_definer"":true}","authenticated_security_definer_function_executable_public_admin_update_session_p_session_id uuid, p_client_name text, p_session_date date, p_start_time time without time zone, p_end_time time without time zone, p_session_type text, p_status text, p_room text, p_notes text, p_assigned_to uuid, p_clear_client_name boolean, p_clear_room boolean, p_clear_notes boolean, p_clear_assigned_to boolean"
authenticated_security_definer_function_executable,Signed-In Users Can Execute SECURITY DEFINER Function,WARN,EXTERNAL,"[""SECURITY""]","Detects `SECURITY DEFINER` functions that are callable by signed-in users. Revoke `EXECUTE`, switch the function to `SECURITY INVOKER`, or move it out of your exposed API schema if signed-in users should not call it.","Function `public.approve_task_edit_request(p_request_id uuid, p_apply_to_template boolean)` can be executed by the `authenticated` role as a `SECURITY DEFINER` function via `/rest/v1/rpc/approve_task_edit_request`. Revoke `EXECUTE` or switch it to `SECURITY INVOKER` if that is not intentional.",https://supabase.com/docs/guides/database/database-linter?lint=0029_authenticated_security_definer_function_executable,"{""name"":""approve_task_edit_request"",""schema"":""public"",""language"":""plpgsql"",""arguments"":""p_request_id uuid, p_apply_to_template boolean"",""security_definer"":true}","authenticated_security_definer_function_executable_public_approve_task_edit_request_p_request_id uuid, p_apply_to_template boolean"
authenticated_security_definer_function_executable,Signed-In Users Can Execute SECURITY DEFINER Function,WARN,EXTERNAL,"[""SECURITY""]","Detects `SECURITY DEFINER` functions that are callable by signed-in users. Revoke `EXECUTE`, switch the function to `SECURITY INVOKER`, or move it out of your exposed API schema if signed-in users should not call it.",Function `public.approve_task_reassignment(p_request_id uuid)` can be executed by the `authenticated` role as a `SECURITY DEFINER` function via `/rest/v1/rpc/approve_task_reassignment`. Revoke `EXECUTE` or switch it to `SECURITY INVOKER` if that is not intentional.,https://supabase.com/docs/guides/database/database-linter?lint=0029_authenticated_security_definer_function_executable,"{""name"":""approve_task_reassignment"",""schema"":""public"",""language"":""plpgsql"",""arguments"":""p_request_id uuid"",""security_definer"":true}",authenticated_security_definer_function_executable_public_approve_task_reassignment_p_request_id uuid
authenticated_security_definer_function_executable,Signed-In Users Can Execute SECURITY DEFINER Function,WARN,EXTERNAL,"[""SECURITY""]","Detects `SECURITY DEFINER` functions that are callable by signed-in users. Revoke `EXECUTE`, switch the function to `SECURITY INVOKER`, or move it out of your exposed API schema if signed-in users should not call it.",Function `public.approve_task_request(p_request_id uuid)` can be executed by the `authenticated` role as a `SECURITY DEFINER` function via `/rest/v1/rpc/approve_task_request`. Revoke `EXECUTE` or switch it to `SECURITY INVOKER` if that is not intentional.,https://supabase.com/docs/guides/database/database-linter?lint=0029_authenticated_security_definer_function_executable,"{""name"":""approve_task_request"",""schema"":""public"",""language"":""plpgsql"",""arguments"":""p_request_id uuid"",""security_definer"":true}",authenticated_security_definer_function_executable_public_approve_task_request_p_request_id uuid
authenticated_security_definer_function_executable,Signed-In Users Can Execute SECURITY DEFINER Function,WARN,EXTERNAL,"[""SECURITY""]","Detects `SECURITY DEFINER` functions that are callable by signed-in users. Revoke `EXECUTE`, switch the function to `SECURITY INVOKER`, or move it out of your exposed API schema if signed-in users should not call it.","Function `public.approve_task_request(p_request_id uuid, p_category text)` can be executed by the `authenticated` role as a `SECURITY DEFINER` function via `/rest/v1/rpc/approve_task_request`. Revoke `EXECUTE` or switch it to `SECURITY INVOKER` if that is not intentional.",https://supabase.com/docs/guides/database/database-linter?lint=0029_authenticated_security_definer_function_executable,"{""name"":""approve_task_request"",""schema"":""public"",""language"":""plpgsql"",""arguments"":""p_request_id uuid, p_category text"",""security_definer"":true}","authenticated_security_definer_function_executable_public_approve_task_request_p_request_id uuid, p_category text"
authenticated_security_definer_function_executable,Signed-In Users Can Execute SECURITY DEFINER Function,WARN,EXTERNAL,"[""SECURITY""]","Detects `SECURITY DEFINER` functions that are callable by signed-in users. Revoke `EXECUTE`, switch the function to `SECURITY INVOKER`, or move it out of your exposed API schema if signed-in users should not call it.",Function `public.archive_client(p_id uuid)` can be executed by the `authenticated` role as a `SECURITY DEFINER` function via `/rest/v1/rpc/archive_client`. Revoke `EXECUTE` or switch it to `SECURITY INVOKER` if that is not intentional.,https://supabase.com/docs/guides/database/database-linter?lint=0029_authenticated_security_definer_function_executable,"{""name"":""archive_client"",""schema"":""public"",""language"":""plpgsql"",""arguments"":""p_id uuid"",""security_definer"":true}",authenticated_security_definer_function_executable_public_archive_client_p_id uuid
authenticated_security_definer_function_executable,Signed-In Users Can Execute SECURITY DEFINER Function,WARN,EXTERNAL,"[""SECURITY""]","Detects `SECURITY DEFINER` functions that are callable by signed-in users. Revoke `EXECUTE`, switch the function to `SECURITY INVOKER`, or move it out of your exposed API schema if signed-in users should not call it.","Function `public.assign_custom_task_to_members(p_member_ids uuid[], p_title text, p_description text, p_category text, p_due_date date, p_is_required boolean, p_show_on_overview boolean)` can be executed by the `authenticated` role as a `SECURITY DEFINER` function via `/rest/v1/rpc/assign_custom_task_to_members`. Revoke `EXECUTE` or switch it to `SECURITY INVOKER` if that is not intentional.",https://supabase.com/docs/guides/database/database-linter?lint=0029_authenticated_security_definer_function_executable,"{""name"":""assign_custom_task_to_members"",""schema"":""public"",""language"":""plpgsql"",""arguments"":""p_member_ids uuid[], p_title text, p_description text, p_category text, p_due_date date, p_is_required boolean, p_show_on_overview boolean"",""security_definer"":true}","authenticated_security_definer_function_executable_public_assign_custom_task_to_members_p_member_ids uuid[], p_title text, p_description text, p_category text, p_due_date date, p_is_required boolean, p_show_on_overview boolean"
authenticated_security_definer_function_executable,Signed-In Users Can Execute SECURITY DEFINER Function,WARN,EXTERNAL,"[""SECURITY""]","Detects `SECURITY DEFINER` functions that are callable by signed-in users. Revoke `EXECUTE`, switch the function to `SECURITY INVOKER`, or move it out of your exposed API schema if signed-in users should not call it.","Function `public.assign_custom_task_to_members(p_member_ids uuid[], p_title text, p_description text, p_category text, p_due_date date, p_is_required boolean, p_show_on_overview boolean, p_scope text)` can be executed by the `authenticated` role as a `SECURITY DEFINER` function via `/rest/v1/rpc/assign_custom_task_to_members`. Revoke `EXECUTE` or switch it to `SECURITY INVOKER` if that is not intentional.",https://supabase.com/docs/guides/database/database-linter?lint=0029_authenticated_security_definer_function_executable,"{""name"":""assign_custom_task_to_members"",""schema"":""public"",""language"":""plpgsql"",""arguments"":""p_member_ids uuid[], p_title text, p_description text, p_category text, p_due_date date, p_is_required boolean, p_show_on_overview boolean, p_scope text"",""security_definer"":true}","authenticated_security_definer_function_executable_public_assign_custom_task_to_members_p_member_ids uuid[], p_title text, p_description text, p_category text, p_due_date date, p_is_required boolean, p_show_on_overview boolean, p_scope text"
authenticated_security_definer_function_executable,Signed-In Users Can Execute SECURITY DEFINER Function,WARN,EXTERNAL,"[""SECURITY""]","Detects `SECURITY DEFINER` functions that are callable by signed-in users. Revoke `EXECUTE`, switch the function to `SECURITY INVOKER`, or move it out of your exposed API schema if signed-in users should not call it.","Function `public.assign_custom_tasks_to_members(p_member_ids uuid[], p_tasks jsonb, p_batch_title text, p_scope text)` can be executed by the `authenticated` role as a `SECURITY DEFINER` function via `/rest/v1/rpc/assign_custom_tasks_to_members`. Revoke `EXECUTE` or switch it to `SECURITY INVOKER` if that is not intentional.",https://supabase.com/docs/guides/database/database-linter?lint=0029_authenticated_security_definer_function_executable,"{""name"":""assign_custom_tasks_to_members"",""schema"":""public"",""language"":""plpgsql"",""arguments"":""p_member_ids uuid[], p_tasks jsonb, p_batch_title text, p_scope text"",""security_definer"":true}","authenticated_security_definer_function_executable_public_assign_custom_tasks_to_members_p_member_ids uuid[], p_tasks jsonb, p_batch_title text, p_scope text"
authenticated_security_definer_function_executable,Signed-In Users Can Execute SECURITY DEFINER Function,WARN,EXTERNAL,"[""SECURITY""]","Detects `SECURITY DEFINER` functions that are callable by signed-in users. Revoke `EXECUTE`, switch the function to `SECURITY INVOKER`, or move it out of your exposed API schema if signed-in users should not call it.","Function `public.assign_session(p_session_id uuid, p_assignee_id uuid)` can be executed by the `authenticated` role as a `SECURITY DEFINER` function via `/rest/v1/rpc/assign_session`. Revoke `EXECUTE` or switch it to `SECURITY INVOKER` if that is not intentional.",https://supabase.com/docs/guides/database/database-linter?lint=0029_authenticated_security_definer_function_executable,"{""name"":""assign_session"",""schema"":""public"",""language"":""plpgsql"",""arguments"":""p_session_id uuid, p_assignee_id uuid"",""security_definer"":true}","authenticated_security_definer_function_executable_public_assign_session_p_session_id uuid, p_assignee_id uuid"
authenticated_security_definer_function_executable,Signed-In Users Can Execute SECURITY DEFINER Function,WARN,EXTERNAL,"[""SECURITY""]","Detects `SECURITY DEFINER` functions that are callable by signed-in users. Revoke `EXECUTE`, switch the function to `SECURITY INVOKER`, or move it out of your exposed API schema if signed-in users should not call it.","Function `public.assign_template_items_to_members(p_template_id uuid, p_template_item_ids uuid[], p_member_ids uuid[], p_due_date date, p_title_override text, p_description_override text, p_show_on_overview boolean)` can be executed by the `authenticated` role as a `SECURITY DEFINER` function via `/rest/v1/rpc/assign_template_items_to_members`. Revoke `EXECUTE` or switch it to `SECURITY INVOKER` if that is not intentional.",https://supabase.com/docs/guides/database/database-linter?lint=0029_authenticated_security_definer_function_executable,"{""name"":""assign_template_items_to_members"",""schema"":""public"",""language"":""plpgsql"",""arguments"":""p_template_id uuid, p_template_item_ids uuid[], p_member_ids uuid[], p_due_date date, p_title_override text, p_description_override text, p_show_on_overview boolean"",""security_definer"":true}","authenticated_security_definer_function_executable_public_assign_template_items_to_members_p_template_id uuid, p_template_item_ids uuid[], p_member_ids uuid[], p_due_date date, p_title_override text, p_description_override text, p_show_on_overview boolean"
authenticated_security_definer_function_executable,Signed-In Users Can Execute SECURITY DEFINER Function,WARN,EXTERNAL,"[""SECURITY""]","Detects `SECURITY DEFINER` functions that are callable by signed-in users. Revoke `EXECUTE`, switch the function to `SECURITY INVOKER`, or move it out of your exposed API schema if signed-in users should not call it.","Function `public.assign_template_preview(p_template_id uuid, p_template_item_ids uuid[])` can be executed by the `authenticated` role as a `SECURITY DEFINER` function via `/rest/v1/rpc/assign_template_preview`. Revoke `EXECUTE` or switch it to `SECURITY INVOKER` if that is not intentional.",https://supabase.com/docs/guides/database/database-linter?lint=0029_authenticated_security_definer_function_executable,"{""name"":""assign_template_preview"",""schema"":""public"",""language"":""plpgsql"",""arguments"":""p_template_id uuid, p_template_item_ids uuid[]"",""security_definer"":true}","authenticated_security_definer_function_executable_public_assign_template_preview_p_template_id uuid, p_template_item_ids uuid[]"
authenticated_security_definer_function_executable,Signed-In Users Can Execute SECURITY DEFINER Function,WARN,EXTERNAL,"[""SECURITY""]","Detects `SECURITY DEFINER` functions that are callable by signed-in users. Revoke `EXECUTE`, switch the function to `SECURITY INVOKER`, or move it out of your exposed API schema if signed-in users should not call it.","Function `public.assign_template_to_members(p_template_id uuid, p_member_ids uuid[], p_due_date date, p_title_override text, p_description_override text, p_show_on_overview boolean)` can be executed by the `authenticated` role as a `SECURITY DEFINER` function via `/rest/v1/rpc/assign_template_to_members`. Revoke `EXECUTE` or switch it to `SECURITY INVOKER` if that is not intentional.",https://supabase.com/docs/guides/database/database-linter?lint=0029_authenticated_security_definer_function_executable,"{""name"":""assign_template_to_members"",""schema"":""public"",""language"":""plpgsql"",""arguments"":""p_template_id uuid, p_member_ids uuid[], p_due_date date, p_title_override text, p_description_override text, p_show_on_overview boolean"",""security_definer"":true}","authenticated_security_definer_function_executable_public_assign_template_to_members_p_template_id uuid, p_member_ids uuid[], p_due_date date, p_title_override text, p_description_override text, p_show_on_overview boolean"
authenticated_security_definer_function_executable,Signed-In Users Can Execute SECURITY DEFINER Function,WARN,EXTERNAL,"[""SECURITY""]","Detects `SECURITY DEFINER` functions that are callable by signed-in users. Revoke `EXECUTE`, switch the function to `SECURITY INVOKER`, or move it out of your exposed API schema if signed-in users should not call it.","Function `public.cancel_task_assignment_batch(p_batch_id uuid, p_hide_open_tasks boolean)` can be executed by the `authenticated` role as a `SECURITY DEFINER` function via `/rest/v1/rpc/cancel_task_assignment_batch`. Revoke `EXECUTE` or switch it to `SECURITY INVOKER` if that is not intentional.",https://supabase.com/docs/guides/database/database-linter?lint=0029_authenticated_security_definer_function_executable,"{""name"":""cancel_task_assignment_batch"",""schema"":""public"",""language"":""plpgsql"",""arguments"":""p_batch_id uuid, p_hide_open_tasks boolean"",""security_definer"":true}","authenticated_security_definer_function_executable_public_cancel_task_assignment_batch_p_batch_id uuid, p_hide_open_tasks boolean"
authenticated_security_definer_function_executable,Signed-In Users Can Execute SECURITY DEFINER Function,WARN,EXTERNAL,"[""SECURITY""]","Detects `SECURITY DEFINER` functions that are callable by signed-in users. Revoke `EXECUTE`, switch the function to `SECURITY INVOKER`, or move it out of your exposed API schema if signed-in users should not call it.",Function `public.clock_in()` can be executed by the `authenticated` role as a `SECURITY DEFINER` function via `/rest/v1/rpc/clock_in`. Revoke `EXECUTE` or switch it to `SECURITY INVOKER` if that is not intentional.,https://supabase.com/docs/guides/database/database-linter?lint=0029_authenticated_security_definer_function_executable,"{""name"":""clock_in"",""schema"":""public"",""language"":""plpgsql"",""arguments"":"""",""security_definer"":true}",authenticated_security_definer_function_executable_public_clock_in_
authenticated_security_definer_function_executable,Signed-In Users Can Execute SECURITY DEFINER Function,WARN,EXTERNAL,"[""SECURITY""]","Detects `SECURITY DEFINER` functions that are callable by signed-in users. Revoke `EXECUTE`, switch the function to `SECURITY INVOKER`, or move it out of your exposed API schema if signed-in users should not call it.",Function `public.clock_out(p_notes text)` can be executed by the `authenticated` role as a `SECURITY DEFINER` function via `/rest/v1/rpc/clock_out`. Revoke `EXECUTE` or switch it to `SECURITY INVOKER` if that is not intentional.,https://supabase.com/docs/guides/database/database-linter?lint=0029_authenticated_security_definer_function_executable,"{""name"":""clock_out"",""schema"":""public"",""language"":""plpgsql"",""arguments"":""p_notes text"",""security_definer"":true}",authenticated_security_definer_function_executable_public_clock_out_p_notes text
authenticated_security_definer_function_executable,Signed-In Users Can Execute SECURITY DEFINER Function,WARN,EXTERNAL,"[""SECURITY""]","Detects `SECURITY DEFINER` functions that are callable by signed-in users. Revoke `EXECUTE`, switch the function to `SECURITY INVOKER`, or move it out of your exposed API schema if signed-in users should not call it.","Function `public.complete_assigned_task(p_assigned_task_id uuid, p_is_completed boolean)` can be executed by the `authenticated` role as a `SECURITY DEFINER` function via `/rest/v1/rpc/complete_assigned_task`. Revoke `EXECUTE` or switch it to `SECURITY INVOKER` if that is not intentional.",https://supabase.com/docs/guides/database/database-linter?lint=0029_authenticated_security_definer_function_executable,"{""name"":""complete_assigned_task"",""schema"":""public"",""language"":""plpgsql"",""arguments"":""p_assigned_task_id uuid, p_is_completed boolean"",""security_definer"":true}","authenticated_security_definer_function_executable_public_complete_assigned_task_p_assigned_task_id uuid, p_is_completed boolean"
authenticated_security_definer_function_executable,Signed-In Users Can Execute SECURITY DEFINER Function,WARN,EXTERNAL,"[""SECURITY""]","Detects `SECURITY DEFINER` functions that are callable by signed-in users. Revoke `EXECUTE`, switch the function to `SECURITY INVOKER`, or move it out of your exposed API schema if signed-in users should not call it.","Function `public.create_client(p_name text, p_email text, p_phone text, p_notes text, p_google_review_link text)` can be executed by the `authenticated` role as a `SECURITY DEFINER` function via `/rest/v1/rpc/create_client`. Revoke `EXECUTE` or switch it to `SECURITY INVOKER` if that is not intentional.",https://supabase.com/docs/guides/database/database-linter?lint=0029_authenticated_security_definer_function_executable,"{""name"":""create_client"",""schema"":""public"",""language"":""plpgsql"",""arguments"":""p_name text, p_email text, p_phone text, p_notes text, p_google_review_link text"",""security_definer"":true}","authenticated_security_definer_function_executable_public_create_client_p_name text, p_email text, p_phone text, p_notes text, p_google_review_link text"
authenticated_security_definer_function_executable,Signed-In Users Can Execute SECURITY DEFINER Function,WARN,EXTERNAL,"[""SECURITY""]","Detects `SECURITY DEFINER` functions that are callable by signed-in users. Revoke `EXECUTE`, switch the function to `SECURITY INVOKER`, or move it out of your exposed API schema if signed-in users should not call it.","Function `public.create_task_template(p_name text, p_description text, p_role_tag text, p_is_onboarding boolean)` can be executed by the `authenticated` role as a `SECURITY DEFINER` function via `/rest/v1/rpc/create_task_template`. Revoke `EXECUTE` or switch it to `SECURITY INVOKER` if that is not intentional.",https://supabase.com/docs/guides/database/database-linter?lint=0029_authenticated_security_definer_function_executable,"{""name"":""create_task_template"",""schema"":""public"",""language"":""plpgsql"",""arguments"":""p_name text, p_description text, p_role_tag text, p_is_onboarding boolean"",""security_definer"":true}","authenticated_security_definer_function_executable_public_create_task_template_p_name text, p_description text, p_role_tag text, p_is_onboarding boolean"
authenticated_security_definer_function_executable,Signed-In Users Can Execute SECURITY DEFINER Function,WARN,EXTERNAL,"[""SECURITY""]","Detects `SECURITY DEFINER` functions that are callable by signed-in users. Revoke `EXECUTE`, switch the function to `SECURITY INVOKER`, or move it out of your exposed API schema if signed-in users should not call it.","Function `public.decline_task_reassignment(p_request_id uuid, p_note text)` can be executed by the `authenticated` role as a `SECURITY DEFINER` function via `/rest/v1/rpc/decline_task_reassignment`. Revoke `EXECUTE` or switch it to `SECURITY INVOKER` if that is not intentional.",https://supabase.com/docs/guides/database/database-linter?lint=0029_authenticated_security_definer_function_executable,"{""name"":""decline_task_reassignment"",""schema"":""public"",""language"":""plpgsql"",""arguments"":""p_request_id uuid, p_note text"",""security_definer"":true}","authenticated_security_definer_function_executable_public_decline_task_reassignment_p_request_id uuid, p_note text"
authenticated_security_definer_function_executable,Signed-In Users Can Execute SECURITY DEFINER Function,WARN,EXTERNAL,"[""SECURITY""]","Detects `SECURITY DEFINER` functions that are callable by signed-in users. Revoke `EXECUTE`, switch the function to `SECURITY INVOKER`, or move it out of your exposed API schema if signed-in users should not call it.",Function `public.delete_task_template(p_template_id uuid)` can be executed by the `authenticated` role as a `SECURITY DEFINER` function via `/rest/v1/rpc/delete_task_template`. Revoke `EXECUTE` or switch it to `SECURITY INVOKER` if that is not intentional.,https://supabase.com/docs/guides/database/database-linter?lint=0029_authenticated_security_definer_function_executable,"{""name"":""delete_task_template"",""schema"":""public"",""language"":""plpgsql"",""arguments"":""p_template_id uuid"",""security_definer"":true}",authenticated_security_definer_function_executable_public_delete_task_template_p_template_id uuid
authenticated_security_definer_function_executable,Signed-In Users Can Execute SECURITY DEFINER Function,WARN,EXTERNAL,"[""SECURITY""]","Detects `SECURITY DEFINER` functions that are callable by signed-in users. Revoke `EXECUTE`, switch the function to `SECURITY INVOKER`, or move it out of your exposed API schema if signed-in users should not call it.",Function `public.delete_task_template_item(p_item_id uuid)` can be executed by the `authenticated` role as a `SECURITY DEFINER` function via `/rest/v1/rpc/delete_task_template_item`. Revoke `EXECUTE` or switch it to `SECURITY INVOKER` if that is not intentional.,https://supabase.com/docs/guides/database/database-linter?lint=0029_authenticated_security_definer_function_executable,"{""name"":""delete_task_template_item"",""schema"":""public"",""language"":""plpgsql"",""arguments"":""p_item_id uuid"",""security_definer"":true}",authenticated_security_definer_function_executable_public_delete_task_template_item_p_item_id uuid
authenticated_security_definer_function_executable,Signed-In Users Can Execute SECURITY DEFINER Function,WARN,EXTERNAL,"[""SECURITY""]","Detects `SECURITY DEFINER` functions that are callable by signed-in users. Revoke `EXECUTE`, switch the function to `SECURITY INVOKER`, or move it out of your exposed API schema if signed-in users should not call it.","Function `public.duplicate_task_template(p_template_id uuid, p_new_name text)` can be executed by the `authenticated` role as a `SECURITY DEFINER` function via `/rest/v1/rpc/duplicate_task_template`. Revoke `EXECUTE` or switch it to `SECURITY INVOKER` if that is not intentional.",https://supabase.com/docs/guides/database/database-linter?lint=0029_authenticated_security_definer_function_executable,"{""name"":""duplicate_task_template"",""schema"":""public"",""language"":""plpgsql"",""arguments"":""p_template_id uuid, p_new_name text"",""security_definer"":true}","authenticated_security_definer_function_executable_public_duplicate_task_template_p_template_id uuid, p_new_name text"
authenticated_security_definer_function_executable,Signed-In Users Can Execute SECURITY DEFINER Function,WARN,EXTERNAL,"[""SECURITY""]","Detects `SECURITY DEFINER` functions that are callable by signed-in users. Revoke `EXECUTE`, switch the function to `SECURITY INVOKER`, or move it out of your exposed API schema if signed-in users should not call it.","Function `public.get_assignment_notifications(p_user_id uuid, p_unread_only boolean, p_limit integer)` can be executed by the `authenticated` role as a `SECURITY DEFINER` function via `/rest/v1/rpc/get_assignment_notifications`. Revoke `EXECUTE` or switch it to `SECURITY INVOKER` if that is not intentional.",https://supabase.com/docs/guides/database/database-linter?lint=0029_authenticated_security_definer_function_executable,"{""name"":""get_assignment_notifications"",""schema"":""public"",""language"":""plpgsql"",""arguments"":""p_user_id uuid, p_unread_only boolean, p_limit integer"",""security_definer"":true}","authenticated_security_definer_function_executable_public_get_assignment_notifications_p_user_id uuid, p_unread_only boolean, p_limit integer"
authenticated_security_definer_function_executable,Signed-In Users Can Execute SECURITY DEFINER Function,WARN,EXTERNAL,"[""SECURITY""]","Detects `SECURITY DEFINER` functions that are callable by signed-in users. Revoke `EXECUTE`, switch the function to `SECURITY INVOKER`, or move it out of your exposed API schema if signed-in users should not call it.",Function `public.get_channel_notifications()` can be executed by the `authenticated` role as a `SECURITY DEFINER` function via `/rest/v1/rpc/get_channel_notifications`. Revoke `EXECUTE` or switch it to `SECURITY INVOKER` if that is not intentional.,https://supabase.com/docs/guides/database/database-linter?lint=0029_authenticated_security_definer_function_executable,"{""name"":""get_channel_notifications"",""schema"":""public"",""language"":""sql"",""arguments"":"""",""security_definer"":true}",authenticated_security_definer_function_executable_public_get_channel_notifications_
authenticated_security_definer_function_executable,Signed-In Users Can Execute SECURITY DEFINER Function,WARN,EXTERNAL,"[""SECURITY""]","Detects `SECURITY DEFINER` functions that are callable by signed-in users. Revoke `EXECUTE`, switch the function to `SECURITY INVOKER`, or move it out of your exposed API schema if signed-in users should not call it.",Function `public.get_clients(p_include_archived boolean)` can be executed by the `authenticated` role as a `SECURITY DEFINER` function via `/rest/v1/rpc/get_clients`. Revoke `EXECUTE` or switch it to `SECURITY INVOKER` if that is not intentional.,https://supabase.com/docs/guides/database/database-linter?lint=0029_authenticated_security_definer_function_executable,"{""name"":""get_clients"",""schema"":""public"",""language"":""plpgsql"",""arguments"":""p_include_archived boolean"",""security_definer"":true}",authenticated_security_definer_function_executable_public_get_clients_p_include_archived boolean
authenticated_security_definer_function_executable,Signed-In Users Can Execute SECURITY DEFINER Function,WARN,EXTERNAL,"[""SECURITY""]","Detects `SECURITY DEFINER` functions that are callable by signed-in users. Revoke `EXECUTE`, switch the function to `SECURITY INVOKER`, or move it out of your exposed API schema if signed-in users should not call it.",Function `public.get_direct_reports(manager uuid)` can be executed by the `authenticated` role as a `SECURITY DEFINER` function via `/rest/v1/rpc/get_direct_reports`. Revoke `EXECUTE` or switch it to `SECURITY INVOKER` if that is not intentional.,https://supabase.com/docs/guides/database/database-linter?lint=0029_authenticated_security_definer_function_executable,"{""name"":""get_direct_reports"",""schema"":""public"",""language"":""sql"",""arguments"":""manager uuid"",""security_definer"":true}",authenticated_security_definer_function_executable_public_get_direct_reports_manager uuid
authenticated_security_definer_function_executable,Signed-In Users Can Execute SECURITY DEFINER Function,WARN,EXTERNAL,"[""SECURITY""]","Detects `SECURITY DEFINER` functions that are callable by signed-in users. Revoke `EXECUTE`, switch the function to `SECURITY INVOKER`, or move it out of your exposed API schema if signed-in users should not call it.","Function `public.get_member_assigned_tasks(p_user_id uuid, p_include_completed boolean, p_only_overview boolean)` can be executed by the `authenticated` role as a `SECURITY DEFINER` function via `/rest/v1/rpc/get_member_assigned_tasks`. Revoke `EXECUTE` or switch it to `SECURITY INVOKER` if that is not intentional.",https://supabase.com/docs/guides/database/database-linter?lint=0029_authenticated_security_definer_function_executable,"{""name"":""get_member_assigned_tasks"",""schema"":""public"",""language"":""plpgsql"",""arguments"":""p_user_id uuid, p_include_completed boolean, p_only_overview boolean"",""security_definer"":true}","authenticated_security_definer_function_executable_public_get_member_assigned_tasks_p_user_id uuid, p_include_completed boolean, p_only_overview boolean"
authenticated_security_definer_function_executable,Signed-In Users Can Execute SECURITY DEFINER Function,WARN,EXTERNAL,"[""SECURITY""]","Detects `SECURITY DEFINER` functions that are callable by signed-in users. Revoke `EXECUTE`, switch the function to `SECURITY INVOKER`, or move it out of your exposed API schema if signed-in users should not call it.",Function `public.get_my_incoming_reassign_requests()` can be executed by the `authenticated` role as a `SECURITY DEFINER` function via `/rest/v1/rpc/get_my_incoming_reassign_requests`. Revoke `EXECUTE` or switch it to `SECURITY INVOKER` if that is not intentional.,https://supabase.com/docs/guides/database/database-linter?lint=0029_authenticated_security_definer_function_executable,"{""name"":""get_my_incoming_reassign_requests"",""schema"":""public"",""language"":""plpgsql"",""arguments"":"""",""security_definer"":true}",authenticated_security_definer_function_executable_public_get_my_incoming_reassign_requests_
authenticated_security_definer_function_executable,Signed-In Users Can Execute SECURITY DEFINER Function,WARN,EXTERNAL,"[""SECURITY""]","Detects `SECURITY DEFINER` functions that are callable by signed-in users. Revoke `EXECUTE`, switch the function to `SECURITY INVOKER`, or move it out of your exposed API schema if signed-in users should not call it.",Function `public.get_my_open_clock_entry()` can be executed by the `authenticated` role as a `SECURITY DEFINER` function via `/rest/v1/rpc/get_my_open_clock_entry`. Revoke `EXECUTE` or switch it to `SECURITY INVOKER` if that is not intentional.,https://supabase.com/docs/guides/database/database-linter?lint=0029_authenticated_security_definer_function_executable,"{""name"":""get_my_open_clock_entry"",""schema"":""public"",""language"":""plpgsql"",""arguments"":"""",""security_definer"":true}",authenticated_security_definer_function_executable_public_get_my_open_clock_entry_
authenticated_security_definer_function_executable,Signed-In Users Can Execute SECURITY DEFINER Function,WARN,EXTERNAL,"[""SECURITY""]","Detects `SECURITY DEFINER` functions that are callable by signed-in users. Revoke `EXECUTE`, switch the function to `SECURITY INVOKER`, or move it out of your exposed API schema if signed-in users should not call it.",Function `public.get_my_task_requests(p_limit integer)` can be executed by the `authenticated` role as a `SECURITY DEFINER` function via `/rest/v1/rpc/get_my_task_requests`. Revoke `EXECUTE` or switch it to `SECURITY INVOKER` if that is not intentional.,https://supabase.com/docs/guides/database/database-linter?lint=0029_authenticated_security_definer_function_executable,"{""name"":""get_my_task_requests"",""schema"":""public"",""language"":""plpgsql"",""arguments"":""p_limit integer"",""security_definer"":true}",authenticated_security_definer_function_executable_public_get_my_task_requests_p_limit integer
authenticated_security_definer_function_executable,Signed-In Users Can Execute SECURITY DEFINER Function,WARN,EXTERNAL,"[""SECURITY""]","Detects `SECURITY DEFINER` functions that are callable by signed-in users. Revoke `EXECUTE`, switch the function to `SECURITY INVOKER`, or move it out of your exposed API schema if signed-in users should not call it.",Function `public.get_my_team_id()` can be executed by the `authenticated` role as a `SECURITY DEFINER` function via `/rest/v1/rpc/get_my_team_id`. Revoke `EXECUTE` or switch it to `SECURITY INVOKER` if that is not intentional.,https://supabase.com/docs/guides/database/database-linter?lint=0029_authenticated_security_definer_function_executable,"{""name"":""get_my_team_id"",""schema"":""public"",""language"":""sql"",""arguments"":"""",""security_definer"":true}",authenticated_security_definer_function_executable_public_get_my_team_id_
authenticated_security_definer_function_executable,Signed-In Users Can Execute SECURITY DEFINER Function,WARN,EXTERNAL,"[""SECURITY""]","Detects `SECURITY DEFINER` functions that are callable by signed-in users. Revoke `EXECUTE`, switch the function to `SECURITY INVOKER`, or move it out of your exposed API schema if signed-in users should not call it.",Function `public.get_pending_task_requests()` can be executed by the `authenticated` role as a `SECURITY DEFINER` function via `/rest/v1/rpc/get_pending_task_requests`. Revoke `EXECUTE` or switch it to `SECURITY INVOKER` if that is not intentional.,https://supabase.com/docs/guides/database/database-linter?lint=0029_authenticated_security_definer_function_executable,"{""name"":""get_pending_task_requests"",""schema"":""public"",""language"":""plpgsql"",""arguments"":"""",""security_definer"":true}",authenticated_security_definer_function_executable_public_get_pending_task_requests_
authenticated_security_definer_function_executable,Signed-In Users Can Execute SECURITY DEFINER Function,WARN,EXTERNAL,"[""SECURITY""]","Detects `SECURITY DEFINER` functions that are callable by signed-in users. Revoke `EXECUTE`, switch the function to `SECURITY INVOKER`, or move it out of your exposed API schema if signed-in users should not call it.","Function `public.get_studio_assigned_tasks(p_user_id uuid, p_include_completed boolean)` can be executed by the `authenticated` role as a `SECURITY DEFINER` function via `/rest/v1/rpc/get_studio_assigned_tasks`. Revoke `EXECUTE` or switch it to `SECURITY INVOKER` if that is not intentional.",https://supabase.com/docs/guides/database/database-linter?lint=0029_authenticated_security_definer_function_executable,"{""name"":""get_studio_assigned_tasks"",""schema"":""public"",""language"":""plpgsql"",""arguments"":""p_user_id uuid, p_include_completed boolean"",""security_definer"":true}","authenticated_security_definer_function_executable_public_get_studio_assigned_tasks_p_user_id uuid, p_include_completed boolean"
authenticated_security_definer_function_executable,Signed-In Users Can Execute SECURITY DEFINER Function,WARN,EXTERNAL,"[""SECURITY""]","Detects `SECURITY DEFINER` functions that are callable by signed-in users. Revoke `EXECUTE`, switch the function to `SECURITY INVOKER`, or move it out of your exposed API schema if signed-in users should not call it.",Function `public.get_task_template_detail(p_template_id uuid)` can be executed by the `authenticated` role as a `SECURITY DEFINER` function via `/rest/v1/rpc/get_task_template_detail`. Revoke `EXECUTE` or switch it to `SECURITY INVOKER` if that is not intentional.,https://supabase.com/docs/guides/database/database-linter?lint=0029_authenticated_security_definer_function_executable,"{""name"":""get_task_template_detail"",""schema"":""public"",""language"":""plpgsql"",""arguments"":""p_template_id uuid"",""security_definer"":true}",authenticated_security_definer_function_executable_public_get_task_template_detail_p_template_id uuid
authenticated_security_definer_function_executable,Signed-In Users Can Execute SECURITY DEFINER Function,WARN,EXTERNAL,"[""SECURITY""]","Detects `SECURITY DEFINER` functions that are callable by signed-in users. Revoke `EXECUTE`, switch the function to `SECURITY INVOKER`, or move it out of your exposed API schema if signed-in users should not call it.","Function `public.get_task_template_library(p_role_tag text, p_include_inactive boolean)` can be executed by the `authenticated` role as a `SECURITY DEFINER` function via `/rest/v1/rpc/get_task_template_library`. Revoke `EXECUTE` or switch it to `SECURITY INVOKER` if that is not intentional.",https://supabase.com/docs/guides/database/database-linter?lint=0029_authenticated_security_definer_function_executable,"{""name"":""get_task_template_library"",""schema"":""public"",""language"":""plpgsql"",""arguments"":""p_role_tag text, p_include_inactive boolean"",""security_definer"":true}","authenticated_security_definer_function_executable_public_get_task_template_library_p_role_tag text, p_include_inactive boolean"
authenticated_security_definer_function_executable,Signed-In Users Can Execute SECURITY DEFINER Function,WARN,EXTERNAL,"[""SECURITY""]","Detects `SECURITY DEFINER` functions that are callable by signed-in users. Revoke `EXECUTE`, switch the function to `SECURITY INVOKER`, or move it out of your exposed API schema if signed-in users should not call it.","Function `public.get_team_assigned_tasks(p_user_id uuid, p_include_completed boolean)` can be executed by the `authenticated` role as a `SECURITY DEFINER` function via `/rest/v1/rpc/get_team_assigned_tasks`. Revoke `EXECUTE` or switch it to `SECURITY INVOKER` if that is not intentional.",https://supabase.com/docs/guides/database/database-linter?lint=0029_authenticated_security_definer_function_executable,"{""name"":""get_team_assigned_tasks"",""schema"":""public"",""language"":""plpgsql"",""arguments"":""p_user_id uuid, p_include_completed boolean"",""security_definer"":true}","authenticated_security_definer_function_executable_public_get_team_assigned_tasks_p_user_id uuid, p_include_completed boolean"
authenticated_security_definer_function_executable,Signed-In Users Can Execute SECURITY DEFINER Function,WARN,EXTERNAL,"[""SECURITY""]","Detects `SECURITY DEFINER` functions that are callable by signed-in users. Revoke `EXECUTE`, switch the function to `SECURITY INVOKER`, or move it out of your exposed API schema if signed-in users should not call it.","Function `public.intern_generate_checklist(p_intern_id uuid, p_frequency text, p_date date)` can be executed by the `authenticated` role as a `SECURITY DEFINER` function via `/rest/v1/rpc/intern_generate_checklist`. Revoke `EXECUTE` or switch it to `SECURITY INVOKER` if that is not intentional.",https://supabase.com/docs/guides/database/database-linter?lint=0029_authenticated_security_definer_function_executable,"{""name"":""intern_generate_checklist"",""schema"":""public"",""language"":""plpgsql"",""arguments"":""p_intern_id uuid, p_frequency text, p_date date"",""security_definer"":true}","authenticated_security_definer_function_executable_public_intern_generate_checklist_p_intern_id uuid, p_frequency text, p_date date"
authenticated_security_definer_function_executable,Signed-In Users Can Execute SECURITY DEFINER Function,WARN,EXTERNAL,"[""SECURITY""]","Detects `SECURITY DEFINER` functions that are callable by signed-in users. Revoke `EXECUTE`, switch the function to `SECURITY INVOKER`, or move it out of your exposed API schema if signed-in users should not call it.",Function `public.intern_get_user_role()` can be executed by the `authenticated` role as a `SECURITY DEFINER` function via `/rest/v1/rpc/intern_get_user_role`. Revoke `EXECUTE` or switch it to `SECURITY INVOKER` if that is not intentional.,https://supabase.com/docs/guides/database/database-linter?lint=0029_authenticated_security_definer_function_executable,"{""name"":""intern_get_user_role"",""schema"":""public"",""language"":""sql"",""arguments"":"""",""security_definer"":true}",authenticated_security_definer_function_executable_public_intern_get_user_role_
authenticated_security_definer_function_executable,Signed-In Users Can Execute SECURITY DEFINER Function,WARN,EXTERNAL,"[""SECURITY""]","Detects `SECURITY DEFINER` functions that are callable by signed-in users. Revoke `EXECUTE`, switch the function to `SECURITY INVOKER`, or move it out of your exposed API schema if signed-in users should not call it.",Function `public.intern_users_protect_owner_delete()` can be executed by the `authenticated` role as a `SECURITY DEFINER` function via `/rest/v1/rpc/intern_users_protect_owner_delete`. Revoke `EXECUTE` or switch it to `SECURITY INVOKER` if that is not intentional.,https://supabase.com/docs/guides/database/database-linter?lint=0029_authenticated_security_definer_function_executable,"{""name"":""intern_users_protect_owner_delete"",""schema"":""public"",""language"":""plpgsql"",""arguments"":"""",""security_definer"":true}",authenticated_security_definer_function_executable_public_intern_users_protect_owner_delete_
authenticated_security_definer_function_executable,Signed-In Users Can Execute SECURITY DEFINER Function,WARN,EXTERNAL,"[""SECURITY""]","Detects `SECURITY DEFINER` functions that are callable by signed-in users. Revoke `EXECUTE`, switch the function to `SECURITY INVOKER`, or move it out of your exposed API schema if signed-in users should not call it.",Function `public.intern_users_protect_owner_update()` can be executed by the `authenticated` role as a `SECURITY DEFINER` function via `/rest/v1/rpc/intern_users_protect_owner_update`. Revoke `EXECUTE` or switch it to `SECURITY INVOKER` if that is not intentional.,https://supabase.com/docs/guides/database/database-linter?lint=0029_authenticated_security_definer_function_executable,"{""name"":""intern_users_protect_owner_update"",""schema"":""public"",""language"":""plpgsql"",""arguments"":"""",""security_definer"":true}",authenticated_security_definer_function_executable_public_intern_users_protect_owner_update_
authenticated_security_definer_function_executable,Signed-In Users Can Execute SECURITY DEFINER Function,WARN,EXTERNAL,"[""SECURITY""]","Detects `SECURITY DEFINER` functions that are callable by signed-in users. Revoke `EXECUTE`, switch the function to `SECURITY INVOKER`, or move it out of your exposed API schema if signed-in users should not call it.",Function `public.is_team_admin()` can be executed by the `authenticated` role as a `SECURITY DEFINER` function via `/rest/v1/rpc/is_team_admin`. Revoke `EXECUTE` or switch it to `SECURITY INVOKER` if that is not intentional.,https://supabase.com/docs/guides/database/database-linter?lint=0029_authenticated_security_definer_function_executable,"{""name"":""is_team_admin"",""schema"":""public"",""language"":""sql"",""arguments"":"""",""security_definer"":true}",authenticated_security_definer_function_executable_public_is_team_admin_
authenticated_security_definer_function_executable,Signed-In Users Can Execute SECURITY DEFINER Function,WARN,EXTERNAL,"[""SECURITY""]","Detects `SECURITY DEFINER` functions that are callable by signed-in users. Revoke `EXECUTE`, switch the function to `SECURITY INVOKER`, or move it out of your exposed API schema if signed-in users should not call it.",Function `public.mark_all_assignment_notifications_read()` can be executed by the `authenticated` role as a `SECURITY DEFINER` function via `/rest/v1/rpc/mark_all_assignment_notifications_read`. Revoke `EXECUTE` or switch it to `SECURITY INVOKER` if that is not intentional.,https://supabase.com/docs/guides/database/database-linter?lint=0029_authenticated_security_definer_function_executable,"{""name"":""mark_all_assignment_notifications_read"",""schema"":""public"",""language"":""plpgsql"",""arguments"":"""",""security_definer"":true}",authenticated_security_definer_function_executable_public_mark_all_assignment_notifications_read_
authenticated_security_definer_function_executable,Signed-In Users Can Execute SECURITY DEFINER Function,WARN,EXTERNAL,"[""SECURITY""]","Detects `SECURITY DEFINER` functions that are callable by signed-in users. Revoke `EXECUTE`, switch the function to `SECURITY INVOKER`, or move it out of your exposed API schema if signed-in users should not call it.",Function `public.mark_all_channels_read()` can be executed by the `authenticated` role as a `SECURITY DEFINER` function via `/rest/v1/rpc/mark_all_channels_read`. Revoke `EXECUTE` or switch it to `SECURITY INVOKER` if that is not intentional.,https://supabase.com/docs/guides/database/database-linter?lint=0029_authenticated_security_definer_function_executable,"{""name"":""mark_all_channels_read"",""schema"":""public"",""language"":""plpgsql"",""arguments"":"""",""security_definer"":true}",authenticated_security_definer_function_executable_public_mark_all_channels_read_
authenticated_security_definer_function_executable,Signed-In Users Can Execute SECURITY DEFINER Function,WARN,EXTERNAL,"[""SECURITY""]","Detects `SECURITY DEFINER` functions that are callable by signed-in users. Revoke `EXECUTE`, switch the function to `SECURITY INVOKER`, or move it out of your exposed API schema if signed-in users should not call it.",Function `public.mark_assignment_notification_read(p_notification_id uuid)` can be executed by the `authenticated` role as a `SECURITY DEFINER` function via `/rest/v1/rpc/mark_assignment_notification_read`. Revoke `EXECUTE` or switch it to `SECURITY INVOKER` if that is not intentional.,https://supabase.com/docs/guides/database/database-linter?lint=0029_authenticated_security_definer_function_executable,"{""name"":""mark_assignment_notification_read"",""schema"":""public"",""language"":""plpgsql"",""arguments"":""p_notification_id uuid"",""security_definer"":true}",authenticated_security_definer_function_executable_public_mark_assignment_notification_read_p_notification_id uuid
authenticated_security_definer_function_executable,Signed-In Users Can Execute SECURITY DEFINER Function,WARN,EXTERNAL,"[""SECURITY""]","Detects `SECURITY DEFINER` functions that are callable by signed-in users. Revoke `EXECUTE`, switch the function to `SECURITY INVOKER`, or move it out of your exposed API schema if signed-in users should not call it.",Function `public.mark_channel_read(p_channel_id uuid)` can be executed by the `authenticated` role as a `SECURITY DEFINER` function via `/rest/v1/rpc/mark_channel_read`. Revoke `EXECUTE` or switch it to `SECURITY INVOKER` if that is not intentional.,https://supabase.com/docs/guides/database/database-linter?lint=0029_authenticated_security_definer_function_executable,"{""name"":""mark_channel_read"",""schema"":""public"",""language"":""plpgsql"",""arguments"":""p_channel_id uuid"",""security_definer"":true}",authenticated_security_definer_function_executable_public_mark_channel_read_p_channel_id uuid
authenticated_security_definer_function_executable,Signed-In Users Can Execute SECURITY DEFINER Function,WARN,EXTERNAL,"[""SECURITY""]","Detects `SECURITY DEFINER` functions that are callable by signed-in users. Revoke `EXECUTE`, switch the function to `SECURITY INVOKER`, or move it out of your exposed API schema if signed-in users should not call it.","Function `public.member_overview_snapshot(p_user_id uuid, p_date date)` can be executed by the `authenticated` role as a `SECURITY DEFINER` function via `/rest/v1/rpc/member_overview_snapshot`. Revoke `EXECUTE` or switch it to `SECURITY INVOKER` if that is not intentional.",https://supabase.com/docs/guides/database/database-linter?lint=0029_authenticated_security_definer_function_executable,"{""name"":""member_overview_snapshot"",""schema"":""public"",""language"":""plpgsql"",""arguments"":""p_user_id uuid, p_date date"",""security_definer"":true}","authenticated_security_definer_function_executable_public_member_overview_snapshot_p_user_id uuid, p_date date"
authenticated_security_definer_function_executable,Signed-In Users Can Execute SECURITY DEFINER Function,WARN,EXTERNAL,"[""SECURITY""]","Detects `SECURITY DEFINER` functions that are callable by signed-in users. Revoke `EXECUTE`, switch the function to `SECURITY INVOKER`, or move it out of your exposed API schema if signed-in users should not call it.","Function `public.owner_reset_member_password(p_user_id uuid, p_new_password text)` can be executed by the `authenticated` role as a `SECURITY DEFINER` function via `/rest/v1/rpc/owner_reset_member_password`. Revoke `EXECUTE` or switch it to `SECURITY INVOKER` if that is not intentional.",https://supabase.com/docs/guides/database/database-linter?lint=0029_authenticated_security_definer_function_executable,"{""name"":""owner_reset_member_password"",""schema"":""public"",""language"":""plpgsql"",""arguments"":""p_user_id uuid, p_new_password text"",""security_definer"":true}","authenticated_security_definer_function_executable_public_owner_reset_member_password_p_user_id uuid, p_new_password text"
authenticated_security_definer_function_executable,Signed-In Users Can Execute SECURITY DEFINER Function,WARN,EXTERNAL,"[""SECURITY""]","Detects `SECURITY DEFINER` functions that are callable by signed-in users. Revoke `EXECUTE`, switch the function to `SECURITY INVOKER`, or move it out of your exposed API schema if signed-in users should not call it.","Function `public.owner_set_member_role(p_user_id uuid, p_new_role text)` can be executed by the `authenticated` role as a `SECURITY DEFINER` function via `/rest/v1/rpc/owner_set_member_role`. Revoke `EXECUTE` or switch it to `SECURITY INVOKER` if that is not intentional.",https://supabase.com/docs/guides/database/database-linter?lint=0029_authenticated_security_definer_function_executable,"{""name"":""owner_set_member_role"",""schema"":""public"",""language"":""plpgsql"",""arguments"":""p_user_id uuid, p_new_role text"",""security_definer"":true}","authenticated_security_definer_function_executable_public_owner_set_member_role_p_user_id uuid, p_new_role text"
authenticated_security_definer_function_executable,Signed-In Users Can Execute SECURITY DEFINER Function,WARN,EXTERNAL,"[""SECURITY""]","Detects `SECURITY DEFINER` functions that are callable by signed-in users. Revoke `EXECUTE`, switch the function to `SECURITY INVOKER`, or move it out of your exposed API schema if signed-in users should not call it.","Function `public.publish_daily_checklist(p_target_mode text, p_target_position text, p_target_ids uuid[], p_replace boolean)` can be executed by the `authenticated` role as a `SECURITY DEFINER` function via `/rest/v1/rpc/publish_daily_checklist`. Revoke `EXECUTE` or switch it to `SECURITY INVOKER` if that is not intentional.",https://supabase.com/docs/guides/database/database-linter?lint=0029_authenticated_security_definer_function_executable,"{""name"":""publish_daily_checklist"",""schema"":""public"",""language"":""plpgsql"",""arguments"":""p_target_mode text, p_target_position text, p_target_ids uuid[], p_replace boolean"",""security_definer"":true}","authenticated_security_definer_function_executable_public_publish_daily_checklist_p_target_mode text, p_target_position text, p_target_ids uuid[], p_replace boolean"
authenticated_security_definer_function_executable,Signed-In Users Can Execute SECURITY DEFINER Function,WARN,EXTERNAL,"[""SECURITY""]","Detects `SECURITY DEFINER` functions that are callable by signed-in users. Revoke `EXECUTE`, switch the function to `SECURITY INVOKER`, or move it out of your exposed API schema if signed-in users should not call it.","Function `public.reject_task_request(p_request_id uuid, p_note text)` can be executed by the `authenticated` role as a `SECURITY DEFINER` function via `/rest/v1/rpc/reject_task_request`. Revoke `EXECUTE` or switch it to `SECURITY INVOKER` if that is not intentional.",https://supabase.com/docs/guides/database/database-linter?lint=0029_authenticated_security_definer_function_executable,"{""name"":""reject_task_request"",""schema"":""public"",""language"":""plpgsql"",""arguments"":""p_request_id uuid, p_note text"",""security_definer"":true}","authenticated_security_definer_function_executable_public_reject_task_request_p_request_id uuid, p_note text"
authenticated_security_definer_function_executable,Signed-In Users Can Execute SECURITY DEFINER Function,WARN,EXTERNAL,"[""SECURITY""]","Detects `SECURITY DEFINER` functions that are callable by signed-in users. Revoke `EXECUTE`, switch the function to `SECURITY INVOKER`, or move it out of your exposed API schema if signed-in users should not call it.","Function `public.request_task_reassignment(p_task_id uuid, p_note text)` can be executed by the `authenticated` role as a `SECURITY DEFINER` function via `/rest/v1/rpc/request_task_reassignment`. Revoke `EXECUTE` or switch it to `SECURITY INVOKER` if that is not intentional.",https://supabase.com/docs/guides/database/database-linter?lint=0029_authenticated_security_definer_function_executable,"{""name"":""request_task_reassignment"",""schema"":""public"",""language"":""plpgsql"",""arguments"":""p_task_id uuid, p_note text"",""security_definer"":true}","authenticated_security_definer_function_executable_public_request_task_reassignment_p_task_id uuid, p_note text"
authenticated_security_definer_function_executable,Signed-In Users Can Execute SECURITY DEFINER Function,WARN,EXTERNAL,"[""SECURITY""]","Detects `SECURITY DEFINER` functions that are callable by signed-in users. Revoke `EXECUTE`, switch the function to `SECURITY INVOKER`, or move it out of your exposed API schema if signed-in users should not call it.",Function `public.search_clients(p_query text)` can be executed by the `authenticated` role as a `SECURITY DEFINER` function via `/rest/v1/rpc/search_clients`. Revoke `EXECUTE` or switch it to `SECURITY INVOKER` if that is not intentional.,https://supabase.com/docs/guides/database/database-linter?lint=0029_authenticated_security_definer_function_executable,"{""name"":""search_clients"",""schema"":""public"",""language"":""plpgsql"",""arguments"":""p_query text"",""security_definer"":true}",authenticated_security_definer_function_executable_public_search_clients_p_query text
authenticated_security_definer_function_executable,Signed-In Users Can Execute SECURITY DEFINER Function,WARN,EXTERNAL,"[""SECURITY""]","Detects `SECURITY DEFINER` functions that are callable by signed-in users. Revoke `EXECUTE`, switch the function to `SECURITY INVOKER`, or move it out of your exposed API schema if signed-in users should not call it.","Function `public.submit_task_request(p_title text, p_description text, p_category text, p_due_date date)` can be executed by the `authenticated` role as a `SECURITY DEFINER` function via `/rest/v1/rpc/submit_task_request`. Revoke `EXECUTE` or switch it to `SECURITY INVOKER` if that is not intentional.",https://supabase.com/docs/guides/database/database-linter?lint=0029_authenticated_security_definer_function_executable,"{""name"":""submit_task_request"",""schema"":""public"",""language"":""plpgsql"",""arguments"":""p_title text, p_description text, p_category text, p_due_date date"",""security_definer"":true}","authenticated_security_definer_function_executable_public_submit_task_request_p_title text, p_description text, p_category text, p_due_date date"
authenticated_security_definer_function_executable,Signed-In Users Can Execute SECURITY DEFINER Function,WARN,EXTERNAL,"[""SECURITY""]","Detects `SECURITY DEFINER` functions that are callable by signed-in users. Revoke `EXECUTE`, switch the function to `SECURITY INVOKER`, or move it out of your exposed API schema if signed-in users should not call it.","Function `public.submit_task_request(p_title text, p_description text, p_category text, p_due_date date, p_recurrence_spec jsonb)` can be executed by the `authenticated` role as a `SECURITY DEFINER` function via `/rest/v1/rpc/submit_task_request`. Revoke `EXECUTE` or switch it to `SECURITY INVOKER` if that is not intentional.",https://supabase.com/docs/guides/database/database-linter?lint=0029_authenticated_security_definer_function_executable,"{""name"":""submit_task_request"",""schema"":""public"",""language"":""plpgsql"",""arguments"":""p_title text, p_description text, p_category text, p_due_date date, p_recurrence_spec jsonb"",""security_definer"":true}","authenticated_security_definer_function_executable_public_submit_task_request_p_title text, p_description text, p_category text, p_due_date date, p_recurrence_spec jsonb"
authenticated_security_definer_function_executable,Signed-In Users Can Execute SECURITY DEFINER Function,WARN,EXTERNAL,"[""SECURITY""]","Detects `SECURITY DEFINER` functions that are callable by signed-in users. Revoke `EXECUTE`, switch the function to `SECURITY INVOKER`, or move it out of your exposed API schema if signed-in users should not call it.","Function `public.submit_task_request(p_title text, p_description text, p_category text, p_due_date date, p_recurrence_spec jsonb, p_is_required boolean)` can be executed by the `authenticated` role as a `SECURITY DEFINER` function via `/rest/v1/rpc/submit_task_request`. Revoke `EXECUTE` or switch it to `SECURITY INVOKER` if that is not intentional.",https://supabase.com/docs/guides/database/database-linter?lint=0029_authenticated_security_definer_function_executable,"{""name"":""submit_task_request"",""schema"":""public"",""language"":""plpgsql"",""arguments"":""p_title text, p_description text, p_category text, p_due_date date, p_recurrence_spec jsonb, p_is_required boolean"",""security_definer"":true}","authenticated_security_definer_function_executable_public_submit_task_request_p_title text, p_description text, p_category text, p_due_date date, p_recurrence_spec jsonb, p_is_required boolean"
authenticated_security_definer_function_executable,Signed-In Users Can Execute SECURITY DEFINER Function,WARN,EXTERNAL,"[""SECURITY""]","Detects `SECURITY DEFINER` functions that are callable by signed-in users. Revoke `EXECUTE`, switch the function to `SECURITY INVOKER`, or move it out of your exposed API schema if signed-in users should not call it.","Function `public.update_client(p_id uuid, p_name text, p_email text, p_phone text, p_notes text, p_google_review_link text, p_archived boolean)` can be executed by the `authenticated` role as a `SECURITY DEFINER` function via `/rest/v1/rpc/update_client`. Revoke `EXECUTE` or switch it to `SECURITY INVOKER` if that is not intentional.",https://supabase.com/docs/guides/database/database-linter?lint=0029_authenticated_security_definer_function_executable,"{""name"":""update_client"",""schema"":""public"",""language"":""plpgsql"",""arguments"":""p_id uuid, p_name text, p_email text, p_phone text, p_notes text, p_google_review_link text, p_archived boolean"",""security_definer"":true}","authenticated_security_definer_function_executable_public_update_client_p_id uuid, p_name text, p_email text, p_phone text, p_notes text, p_google_review_link text, p_archived boolean"
authenticated_security_definer_function_executable,Signed-In Users Can Execute SECURITY DEFINER Function,WARN,EXTERNAL,"[""SECURITY""]","Detects `SECURITY DEFINER` functions that are callable by signed-in users. Revoke `EXECUTE`, switch the function to `SECURITY INVOKER`, or move it out of your exposed API schema if signed-in users should not call it.","Function `public.update_task_template(p_template_id uuid, p_name text, p_description text, p_role_tag text, p_is_onboarding boolean, p_is_active boolean)` can be executed by the `authenticated` role as a `SECURITY DEFINER` function via `/rest/v1/rpc/update_task_template`. Revoke `EXECUTE` or switch it to `SECURITY INVOKER` if that is not intentional.",https://supabase.com/docs/guides/database/database-linter?lint=0029_authenticated_security_definer_function_executable,"{""name"":""update_task_template"",""schema"":""public"",""language"":""plpgsql"",""arguments"":""p_template_id uuid, p_name text, p_description text, p_role_tag text, p_is_onboarding boolean, p_is_active boolean"",""security_definer"":true}","authenticated_security_definer_function_executable_public_update_task_template_p_template_id uuid, p_name text, p_description text, p_role_tag text, p_is_onboarding boolean, p_is_active boolean"
authenticated_security_definer_function_executable,Signed-In Users Can Execute SECURITY DEFINER Function,WARN,EXTERNAL,"[""SECURITY""]","Detects `SECURITY DEFINER` functions that are callable by signed-in users. Revoke `EXECUTE`, switch the function to `SECURITY INVOKER`, or move it out of your exposed API schema if signed-in users should not call it.","Function `public.update_task_template_item(p_item_id uuid, p_title text, p_description text, p_category text, p_sort_order integer, p_is_required boolean, p_default_due_offset_days integer)` can be executed by the `authenticated` role as a `SECURITY DEFINER` function via `/rest/v1/rpc/update_task_template_item`. Revoke `EXECUTE` or switch it to `SECURITY INVOKER` if that is not intentional.",https://supabase.com/docs/guides/database/database-linter?lint=0029_authenticated_security_definer_function_executable,"{""name"":""update_task_template_item"",""schema"":""public"",""language"":""plpgsql"",""arguments"":""p_item_id uuid, p_title text, p_description text, p_category text, p_sort_order integer, p_is_required boolean, p_default_due_offset_days integer"",""security_definer"":true}","authenticated_security_definer_function_executable_public_update_task_template_item_p_item_id uuid, p_title text, p_description text, p_category text, p_sort_order integer, p_is_required boolean, p_default_due_offset_days integer"
auth_leaked_password_protection,Leaked Password Protection Disabled,WARN,EXTERNAL,"[""SECURITY""]",Leaked password protection is currently disabled.,Supabase Auth prevents the use of compromised passwords by checking against HaveIBeenPwned.org. Enable this feature to enhance security.,https://supabase.com/docs/guides/auth/password-security#password-strength-and-leaked-password-protection,"{""type"":""auth"",""entity"":""Auth""}",auth_leaked_password_protection